title,url,hhref,email,phone
Eurodollar.com.ua,eurodollar.com.ua,https://hh.ua/employer/983507,set(),set()
European Virtual Assistant (EVA),europeanvirtualassistant.com,https://hh.ua/employer/2442010,set(),set()
Eurosite,eurosite.com.ua,https://hh.ua/employer/639629,{'info@eurosite.com.ua'},set()
Eurosoftware ua,www.eurosoftware.com.ua,https://hh.ua/employer/2477572,set(),set()
"Evalica Ltd, JV",www.evalica.com.ua,https://hh.ua/employer/64821,set(),set()
Eve Calls Inc,evecalls.com,https://hh.ua/employer/2513719,"{'prostoyrok@gmail.com', 'office@evecalls.com', 'alexvoinash@gmail.com', 'black-brother@inbox.ru', 'atomik2502@gmail.com', 'info@tapconnect.ru'}",set()
EVERAD GROUP,everad.ru,https://hh.ua/employer/1594478,"{'support@everad.com', 'support@everad.ru'}",set()
Everest,www.everest.ua,https://hh.ua/employer/27412,"{'business@everest.ua', 'pr@everest.ua', 'defense@everest.ua', 'everest@everest.ua', 'hrd@everest.ua'}",set()
Evergreen,www.evergreens.com.ua,https://hh.ua/employer/3363487,set(),set()
EVNE Developers,evnedev.com,https://hh.ua/employer/2544694,{'mail@gmail.com'},set()
EVO,evo.company,https://hh.ua/employer/804810,"{'group-4@2x-1-800x314.png', 'cv@evo.company', 'group-2@3x-2-1024x402.png', 'group-4@3x-1.png', 'group-2@3x-2.png', 'group-4@3x-2.png', 'group-4@2x-1.png', 'group-4@3x-1-800x314.png', 'group-4@3x-1-1024x402.png', 'group-4@3x-2-800x314.png', 'group-4@2x-2-800x314.png', 'group-2@3x-2-800x314.png', 'group-4@3x-2-1024x402.png', 'group-4@2x-2.png', 'group-2@2x-800x314.png', 'partners@evo.company', 'pr@evo.company', 'group-2@2x.png'}",set()
Evolvice GmbH,www.evolvice.de,https://hh.ua/employer/1691309,{'info@evolvice.de'},set()
Evolvice Team GmbH,www.evolvice-team.de,https://hh.ua/employer/2392629,{'info@evolvice-team.de'},set()
EvoPlay,evoplay.com,https://hh.ua/employer/1093415,set(),set()
Exactways,exactways.com,https://hh.ua/employer/1218141,set(),set()
Exadel,www.exadel.com,https://hh.ua/employer/126178,"{'info@exadel.com', 'partners@exadel.com'}",set()
Ex App,ex-app.com,https://hh.ua/employer/3359517,"{'seo_optimization@2x-2.png', 'projects@2x-2.png', 'appmarky@gmail.com', 'ready_solutions@2x-2.png', 'partnership@2x-2.png'}",set()
eXdst,exdst.com.ua,https://hh.ua/employer/2755317,set(),set()
Exigen Services,www.returnonintelligence.com.ua,https://hh.ua/employer/151662,{'ukraine@returnonintelligence.com'},set()
Exilibris,www.exilibris.com,https://hh.ua/employer/1620064,set(),set()
Exiton Software,exitonsoftware.com,https://hh.ua/employer/39929,{'info@exitonsoftware.com'},set()
Expert & Consulting,www.encint.com,https://hh.ua/employer/1617354,"{'af@encint.com', 'au@encint.com', 'an@encint.com'}",set()
Expert Group,www.expertgroup.com.ua,https://hh.ua/employer/556269,set(),set()
expertstudio,expertstudio.biz,https://hh.ua/employer/1741907,set(),set()
Expressitsoft Inc.,www.expressitsoft.com,https://hh.ua/employer/588328,set(),set()
"Express, LTD",en.net.ua,https://hh.ua/employer/3168234,set(),set()
Extera,www.extera.com,https://hh.ua/employer/1286388,"{'privacy@extera.com', 'contact@extera.com'}",set()
Extertech,extertech.com,https://hh.ua/employer/1762530,set(),set()
